r2_log,mae_log,rmse_log,mape_log,mae_orig,rmse_orig,mape_orig
0.9995332956314087,0.010349861346185207,0.021627320426361573,9.396936744451523,1.4246096934195243e-05,5.271242521560767e-05,164.30061596721646
